variant,model,mean_fcr,median_fcr,delta_pct
Euclidean,M4 (p/d),3.102970821160032,2.08666222457296,0.0
Euclidean,M4* (p/d^2),2.835834925254819,2.0075673854975573,8.609036671680503
Manhattan,M4 (p/d),3.1397317034975862,2.0975565099591087,0.0
Manhattan,M4* (p/d^2),3.094196212240079,2.2551949626119465,1.4502988012250144
Heterogeneous,M4 (p/d),3.0959922295683526,2.103891985662256,0.0
Heterogeneous,M4* (p/d^2),2.894248786348212,2.0544707118008922,6.516277440666185
Obstacle,M4 (p/d),3.114696254150877,2.1268857294862507,0.0
Obstacle,M4* (p/d^2),2.8177371061796577,2.0305642850502172,9.534128651404435
