{
  "area_scale": 10.0,
  "bases": {
    "0": [
      1.195942459383017,
      7.13244787222995
    ],
    "1": [
      7.607850486168974,
      5.612771975694963
    ],
    "2": [
      7.70967179954561,
      4.937955963643907
    ]
  },
  "metadata": {},
  "n_nodes": 30,
  "n_robots": 3,
  "node_positions": {
    "0": [
      3.745401188473625,
      9.50714306409916
    ],
    "1": [
      7.319939418114051,
      5.986584841970366
    ],
    "10": [
      6.118528947223795,
      1.3949386065204183
    ],
    "11": [
      2.9214464853521815,
      3.663618432936917
    ],
    "12": [
      4.56069984217036,
      7.851759613930136
    ],
    "13": [
      1.9967378215835974,
      5.142344384136116
    ],
    "14": [
      5.924145688620425,
      0.46450412719997725
    ],
    "15": [
      6.075448519014383,
      1.7052412368729153
    ],
    "16": [
      0.6505159298527952,
      9.488855372533333
    ],
    "17": [
      9.656320330745594,
      8.08397348116461
    ],
    "18": [
      3.0461376917337066,
      0.9767211400638387
    ],
    "19": [
      6.842330265121569,
      4.4015249373960135
    ],
    "2": [
      1.5601864044243652,
      1.5599452033620265
    ],
    "20": [
      1.2203823484477883,
      4.951769101112702
    ],
    "21": [
      0.34388521115218396,
      9.093204020787821
    ],
    "22": [
      2.587799816000169,
      6.62522284353982
    ],
    "23": [
      3.1171107608941098,
      5.200680211778108
    ],
    "24": [
      5.4671027934327965,
      1.8485445552552704
    ],
    "25": [
      9.695846277645586,
      7.7513282336111455
    ],
    "26": [
      9.394989415641891,
      8.948273504276488
    ],
    "27": [
      5.978999788110851,
      9.218742350231167
    ],
    "28": [
      0.884925020519195,
      1.959828624191452
    ],
    "29": [
      0.45227288910538066,
      3.2533033076326436
    ],
    "3": [
      0.5808361216819946,
      8.661761457749352
    ],
    "4": [
      6.011150117432088,
      7.080725777960454
    ],
    "5": [
      0.20584494295802447,
      9.699098521619943
    ],
    "6": [
      8.324426408004218,
      2.1233911067827616
    ],
    "7": [
      1.8182496720710062,
      1.8340450985343382
    ],
    "8": [
      3.0424224295953772,
      5.247564316322379
    ],
    "9": [
      4.319450186421157,
      2.9122914019804194
    ]
  },
  "node_probs": {
    "0": 0.028080976859955642,
    "1": 0.02148880287138602,
    "10": 0.049631996255017644,
    "11": 0.017407844961847618,
    "12": 0.006553123237583206,
    "13": 0.052060155859845164,
    "14": 0.04595815592974134,
    "15": 0.04720266000312474,
    "16": 0.04957724760791142,
    "17": 0.010403111964213011,
    "18": 0.02638351819932489,
    "19": 0.012753046907641436,
    "2": 0.052806082164354944,
    "20": 0.05473695633178766,
    "21": 0.04126332020362677,
    "22": 0.02483460660352447,
    "23": 0.009813931447342298,
    "24": 0.023715628255800446,
    "25": 0.024513521845337557,
    "26": 0.047236315834800986,
    "27": 0.04206449190564667,
    "28": 0.056091555924931764,
    "29": 0.03277460001103334,
    "3": 0.026287305648839618,
    "4": 0.02202736995907555,
    "5": 0.03673463542519377,
    "6": 0.014160789704566041,
    "7": 0.0513148831637413,
    "8": 0.01043154149177951,
    "9": 0.061691823421025097
  },
  "optimal_dist": 1.0198233098230396,
  "schema": "searchfcr.instance/v1",
  "seed": 42,
  "target": 19
}