{
  "area_scale": 20.0,
  "bases": {
    "0": [
      1.033634423372154,
      10.62709263136296
    ],
    "1": [
      10.81270243220213,
      12.748598029964132
    ],
    "2": [
      14.52182667445323,
      19.51704158925069
    ],
    "3": [
      10.326006966023906,
      6.459129458824919
    ],
    "4": [
      15.903723895374073,
      5.416645025241484
    ]
  },
  "metadata": {},
  "n_nodes": 100,
  "n_robots": 5,
  "node_positions": {
    "0": [
      7.49080237694725,
      19.01428612819832
    ],
    "1": [
      14.639878836228101,
      11.973169683940732
    ],
    "10": [
      12.23705789444759,
      2.7898772130408367
    ],
    "11": [
      5.842892970704363,
      7.327236865873834
    ],
    "12": [
      9.12139968434072,
      15.703519227860273
    ],
    "13": [
      3.9934756431671947,
      10.284688768272233
    ],
    "14": [
      11.84829137724085,
      0.9290082543999545
    ],
    "15": [
      12.150897038028766,
      3.4104824737458306
    ],
    "16": [
      1.3010318597055903,
      18.977710745066666
    ],
    "17": [
      19.312640661491187,
      16.16794696232922
    ],
    "18": [
      6.092275383467413,
      1.9534422801276774
    ],
    "19": [
      13.684660530243137,
      8.803049874792027
    ],
    "2": [
      3.1203728088487304,
      3.119890406724053
    ],
    "20": [
      2.4407646968955765,
      9.903538202225404
    ],
    "21": [
      0.6877704223043679,
      18.186408041575643
    ],
    "22": [
      5.175599632000338,
      13.25044568707964
    ],
    "23": [
      6.2342215217882195,
      10.401360423556216
    ],
    "24": [
      10.934205586865593,
      3.697089110510541
    ],
    "25": [
      19.391692555291172,
      15.502656467222291
    ],
    "26": [
      18.789978831283783,
      17.896547008552975
    ],
    "27": [
      11.957999576221702,
      18.437484700462335
    ],
    "28": [
      1.76985004103839,
      3.919657248382904
    ],
    "29": [
      0.9045457782107613,
      6.506606615265287
    ],
    "3": [
      1.1616722433639892,
      17.323522915498703
    ],
    "30": [
      7.773545793789641,
      5.426980635477918
    ],
    "31": [
      16.57475018303859,
      7.135066533871786
    ],
    "32": [
      5.618690193747615,
      10.85392166316497
    ],
    "33": [
      2.818484499495253,
      16.043939615080795
    ],
    "34": [
      1.4910128735954165,
      19.737738732010346
    ],
    "35": [
      15.444895385933147,
      3.974313630683448
    ],
    "36": [
      0.11044234247204798,
      16.309228569096682
    ],
    "37": [
      14.137146876952343,
      14.580143360819747
    ],
    "38": [
      15.425406933718914,
      1.4808930346818072
    ],
    "39": [
      7.169314570885453,
      2.3173811905025943
    ],
    "4": [
      12.022300234864176,
      14.161451555920909
    ],
    "40": [
      17.26206851751187,
      12.465962536551158
    ],
    "41": [
      6.617960497052984,
      1.2711670057204727
    ],
    "42": [
      6.219646434313244,
      6.503666440534941
    ],
    "43": [
      14.59212356676128,
      12.751149427104263
    ],
    "44": [
      17.74425485152653,
      9.444298503238986
    ],
    "45": [
      2.391884918766034,
      14.2648957444599
    ],
    "46": [
      15.215700972337949,
      11.225543951389925
    ],
    "47": [
      15.41934359909122,
      9.875911927287815
    ],
    "48": [
      10.454656587639882,
      8.550820367170992
    ],
    "49": [
      0.5083825348819038,
      2.157828539866089
    ],
    "5": [
      0.41168988591604894,
      19.398197043239886
    ],
    "50": [
      0.628583713734685,
      12.728208225275608
    ],
    "51": [
      6.287119621526534,
      10.171413823294056
    ],
    "52": [
      18.15132947852186,
      4.985844582977499
    ],
    "53": [
      8.207658460712594,
      15.111022770860973
    ],
    "54": [
      4.575963309832449,
      1.5395981965758598
    ],
    "55": [
      5.795029058275361,
      3.2244257450800884
    ],
    "56": [
      18.59395304685146,
      16.16240759128834
    ],
    "57": [
      12.66807513020847,
      17.429211803754356
    ],
    "58": [
      16.07344153798229,
      3.7314011777207168
    ],
    "59": [
      17.851179969799556,
      10.786844838313014
    ],
    "6": [
      16.648852816008436,
      4.246782213565523
    ],
    "60": [
      16.14880310328125,
      17.921825998469863
    ],
    "61": [
      6.3600694994372775,
      2.201038490553535
    ],
    "62": [
      4.558703250838834,
      8.542155772525126
    ],
    "63": [
      16.36029531844986,
      17.214611665126867
    ],
    "64": [
      0.13904261062381407,
      10.214946051551316
    ],
    "65": [
      8.34822006297558,
      4.442156209414605
    ],
    "66": [
      2.397307346673656,
      6.752303428072559
    ],
    "67": [
      18.858194078250385,
      6.464058640415105
    ],
    "68": [
      10.375812434867322,
      14.060379177903556
    ],
    "69": [
      7.27259204758588,
      19.435641654419214
    ],
    "7": [
      3.6364993441420124,
      3.6680901970686763
    ],
    "70": [
      19.248945898842223,
      5.035645916507283
    ],
    "71": [
      9.94497011784771,
      6.017566196335393
    ],
    "72": [
      5.696809887549352,
      0.7377389470906559
    ],
    "73": [
      12.191286679597937,
      10.05358046457723
    ],
    "74": [
      1.029575024999787,
      5.572929284732229
    ],
    "75": [
      18.165317719333075,
      4.791237813339448
    ],
    "76": [
      2.897897441824462,
      9.78905520555126
    ],
    "77": [
      19.713009082212015,
      4.841105430230009
    ],
    "78": [
      13.442710948117572,
      15.23239230657435
    ],
    "79": [
      4.752750879847993,
      14.564326972237192
    ],
    "8": [
      6.0848448591907545,
      10.495128632644757
    ],
    "80": [
      7.355662654385064,
      12.646116611871589
    ],
    "81": [
      12.670594215217895,
      10.71549368149517
    ],
    "82": [
      1.805795401088166,
      16.70604991178476
    ],
    "83": [
      6.415601299434717,
      3.7303702079970846
    ],
    "84": [
      0.8155028310952783,
      11.817858863764837
    ],
    "85": [
      13.55128723684565,
      0.33175657855712304
    ],
    "86": [
      10.24186116598562,
      4.529915503958759
    ],
    "87": [
      12.903455808188998,
      3.487328580099829
    ],
    "88": [
      13.81875476204932,
      7.734706926010748
    ],
    "89": [
      18.73459977473469,
      2.750418882919865
    ],
    "9": [
      8.638900372842315,
      5.824582803960839
    ],
    "90": [
      6.82132702100517,
      2.2694704248117814
    ],
    "91": [
      18.493872365571256,
      17.54678706761962
    ],
    "92": [
      5.158832554303112,
      13.19968092068358
    ],
    "93": [
      16.344444004024318,
      11.104016231989247
    ],
    "94": [
      10.59301156712013,
      4.837045818009034
    ],
    "95": [
      1.8620553561179842,
      17.944315159066534
    ],
    "96": [
      18.008361143266608,
      12.66202914546536
    ],
    "97": [
      6.780595820974014,
      6.984191492253218
    ],
    "98": [
      14.519113577404788,
      17.942205199051543
    ],
    "99": [
      17.741728485302346,
      15.597510917152476
    ]
  },
  "node_probs": {
    "0": 0.01197912920315766,
    "1": 0.003105570418314525,
    "10": 0.010495178026496821,
    "11": 0.012772235052805206,
    "12": 0.012137064893422716,
    "13": 0.005334400884136309,
    "14": 0.01309486305098649,
    "15": 0.005540851038007521,
    "16": 0.006942932574709913,
    "17": 0.013640616267974973,
    "18": 0.012100031103404124,
    "19": 0.015274622508928267,
    "2": 0.0043380694741710114,
    "20": 0.012226957067037695,
    "21": 0.010806525673936819,
    "22": 0.003257226440976659,
    "23": 0.007615992340714979,
    "24": 0.005985462569828026,
    "25": 0.005648063102434935,
    "26": 0.0172435217387952,