{
  "area_scale": 15.0,
  "bases": {
    "0": [
      9.93783426530973,
      4.675666141341164
    ],
    "1": [
      7.801020317667162,
      8.200654190149194
    ],
    "2": [
      2.7728168328829055,
      14.543769416468379
    ]
  },
  "metadata": {},
  "n_nodes": 15,
  "n_robots": 3,
  "node_positions": {
    "0": [
      5.618101782710437,
      14.260714596148743
    ],
    "1": [
      10.979909127171076,
      8.979877262955549
    ],
    "10": [
      9.177793420835693,
      2.0924079097806274
    ],
    "11": [
      4.3821697280282725,
      5.495427649405375
    ],
    "12": [
      6.841049763255539,
      11.777639420895204
    ],
    "13": [
      2.995106732375396,
      7.713516576204174
    ],
    "14": [
      8.886218532930638,
      0.6967561907999659
    ],
    "2": [
      2.340279606636548,
      2.3399178050430396
    ],
    "3": [
      0.8712541825229919,
      12.992642186624028
    ],
    "4": [
      9.016725176148132,
      10.621088666940683
    ],
    "5": [
      0.3087674144370367,
      14.548647782429915
    ],
    "6": [
      12.486639612006327,
      3.185086660174142
    ],
    "7": [
      2.727374508106509,
      2.7510676478015075
    ],
    "8": [
      4.563633644393066,
      7.871346474483568
    ],
    "9": [
      6.479175279631736,
      4.368437102970629
    ]
  },
  "node_probs": {
    "0": 0.0837684417771608,
    "1": 0.03282814863138487,
    "10": 0.027176505055657676,
    "11": 0.07067053697440787,
    "12": 0.016959822360141964,
    "13": 0.11894419889303133,
    "14": 0.04311548509773018,
    "2": 0.020533991201500703,
    "3": 0.12355601580244868,
    "4": 0.1255080316937401,
    "5": 0.10718034051721444,
    "6": 0.04845799272776594,
    "7": 0.02433632549848797,
    "8": 0.0927074184509862,
    "9": 0.06425674531834127
  },
  "optimal_dist": 3.2540921996602417,
  "schema": "searchfcr.instance/v1",
  "seed": 42,
  "target": 8
}