{
  "area_scale": 10.0,
  "bases": {
    "0": [
      3.410663510502585,
      1.1347352124058907
    ],
    "1": [
      9.246936182785628,
      8.77339353380981
    ],
    "2": [
      2.579416277151556,
      6.59984046034179
    ]
  },
  "metadata": {},
  "n_nodes": 60,
  "n_robots": 3,
  "node_positions": {
    "0": [
      3.745401188473625,
      9.50714306409916
    ],
    "1": [
      7.319939418114051,
      5.986584841970366
    ],
    "10": [
      6.118528947223795,
      1.3949386065204183
    ],
    "11": [
      2.9214464853521815,
      3.663618432936917
    ],
    "12": [
      4.56069984217036,
      7.851759613930136
    ],
    "13": [
      1.9967378215835974,
      5.142344384136116
    ],
    "14": [
      5.924145688620425,
      0.46450412719997725
    ],
    "15": [
      6.075448519014383,
      1.7052412368729153
    ],
    "16": [
      0.6505159298527952,
      9.488855372533333
    ],
    "17": [
      9.656320330745594,
      8.08397348116461
    ],
    "18": [
      3.0461376917337066,
      0.9767211400638387
    ],
    "19": [
      6.842330265121569,
      4.4015249373960135
    ],
    "2": [
      1.5601864044243652,
      1.5599452033620265
    ],
    "20": [
      1.2203823484477883,
      4.951769101112702
    ],
    "21": [
      0.34388521115218396,
      9.093204020787821
    ],
    "22": [
      2.587799816000169,
      6.62522284353982
    ],
    "23": [
      3.1171107608941098,
      5.200680211778108
    ],
    "24": [
      5.4671027934327965,
      1.8485445552552704
    ],
    "25": [
      9.695846277645586,
      7.7513282336111455
    ],
    "26": [
      9.394989415641891,
      8.948273504276488
    ],
    "27": [
      5.978999788110851,
      9.218742350231167
    ],
    "28": [
      0.884925020519195,
      1.959828624191452
    ],
    "29": [
      0.45227288910538066,
      3.2533033076326436
    ],
    "3": [
      0.5808361216819946,
      8.661761457749352
    ],
    "30": [
      3.8867728968948203,
      2.713490317738959
    ],
    "31": [
      8.287375091519294,
      3.567533266935893
    ],
    "32": [
      2.8093450968738076,
      5.426960831582485
    ],
    "33": [
      1.4092422497476265,
      8.021969807540398
    ],
    "34": [
      0.7455064367977082,
      9.868869366005173
    ],
    "35": [
      7.722447692966574,
      1.987156815341724
    ],
    "36": [
      0.05522117123602399,
      8.154614284548341
    ],
    "37": [
      7.068573438476172,
      7.2900716804098735
    ],
    "38": [
      7.712703466859457,
      0.7404465173409036
    ],
    "39": [
      3.5846572854427263,
      1.1586905952512971
    ],
    "4": [
      6.011150117432088,
      7.080725777960454
    ],
    "40": [
      8.631034258755935,
      6.232981268275579
    ],
    "41": [
      3.308980248526492,
      0.6355835028602363
    ],
    "42": [
      3.109823217156622,
      3.2518332202674705
    ],
    "43": [
      7.29606178338064,
      6.3755747135521315
    ],
    "44": [
      8.872127425763265,
      4.722149251619493
    ],
    "45": [
      1.195942459383017,
      7.13244787222995
    ],
    "46": [
      7.607850486168974,
      5.612771975694963
    ],
    "47": [
      7.70967179954561,
      4.937955963643907
    ],
    "48": [
      5.227328293819941,
      4.275410183585496
    ],
    "49": [
      0.2541912674409519,
      1.0789142699330445
    ],
    "5": [
      0.20584494295802447,
      9.699098521619943
    ],
    "50": [
      0.3142918568673425,
      6.364104112637804
    ],
    "51": [
      3.143559810763267,
      5.085706911647028
    ],
    "52": [
      9.07566473926093,
      2.4929222914887497
    ],
    "53": [
      4.103829230356297,
      7.555511385430487
    ],
    "54": [
      2.2879816549162246,
      0.7697990982879299
    ],
    "55": [
      2.8975145291376805,
      1.6122128725400442
    ],
    "56": [
      9.29697652342573,
      8.08120379564417
    ],
    "57": [
      6.334037565104235,
      8.714605901877178
    ],
    "58": [
      8.036720768991145,
      1.8657005888603584
    ],
    "59": [
      8.925589984899778,
      5.393422419156507
    ],
    "6": [
      8.324426408004218,
      2.1233911067827616
    ],
    "7": [
      1.8182496720710062,
      1.8340450985343382
    ],
    "8": [
      3.0424224295953772,
      5.247564316322379
    ],
    "9": [
      4.319450186421157,
      2.9122914019804194
    ]
  },
  "node_probs": {
    "0": 0.026706594995878335,
    "1": 0.029284099710026577,
    "10": 0.015366617596796963,
    "11": 0.009688237456507553,
    "12": 0.006715569930477223,
    "13": 0.013046578379586211,
    "14": 0.03064533037792242,
    "15": 0.012627546960966704,
    "16": 0.01831419876515296,
    "17": 0.023670580893968864,
    "18": 0.013802939943304542,
    "19": 0.03148478589414141,
    "2": 0.012476374349593259,
    "20": 0.031213379816184376,
    "21": 0.010551013973370922,
    "22": 0.017687868385446007,
    "23": 0.01197846545019208,
    "24": 0.011512170908687662,
    "25": 0.004302997941145076,
    "26": 0.02095341647458366,
    "27": 0.017845759003474848,
    "28": 0.0047272501426313404,
    "29": 0.011332081391164147,
    "3": 0.006430247105113324,
    "30": 0.029638072047374325,
    "31": 0.010195709459367952,
    "32": 0.007443295067929473,
    "33": 0.017461209484119552,
    "34": 0.03188800451846214,
    "35": 0.010268203739034367,
    "36": 0.02277265522229635,
    "37": 0.02537437692073774,
    "38": 0.010139759672833029,
    "39": 0.024403187234870838,
    "4": 0.009857665922155777,
    "40": 0.013923702557940312,
    "41": 0.021614618480351525,
    "42": 0.021650202419051558,
    "43": 0.018808005143438836,
    "44": 0.005855668553930469,
    "45": 0.027516683957368625,
    "46": 0.012557102848174384,
    "47": 0.008653489524545163,
    "48": 0.0044160459892872116,
    "49": 0.020410551541301728,
    "5": 0.015648548646284323,
    "50": 0.02293049632903038,
    "51": 0.003712807328493719,
    "52": 0.01811946917201254,
    "53": 0.009815816178706633,
    "54": 0.02198872137177114,
    "55": 0.008300171502911381,
    "56": 0.023319323122505422,
    "57": 0.014474732327289202,
    "58": 0.030465657063596902,
    "59": 0.00722890038535435,
    "6": 0.02701404854488891,
    "7": 0.0282559977700847,
    "8": 0.0034326523670556858,
    "9": 0.018080341739126864
  },
  "optimal_dist": 2.635433164883763,
  "schema": "searchfcr.instance/v1",
  "seed": 42,
  "target": 37
}