{
  "area_scale": 10.0,
  "bases": {
    "0": [
      6.075448519014383,
      1.7052412368729153
    ],
    "1": [
      0.6505159298527952,
      9.488855372533333
    ]
  },
  "metadata": {},
  "n_nodes": 10,
  "n_robots": 2,
  "node_positions": {
    "0": [
      3.745401188473625,
      9.50714306409916
    ],
    "1": [
      7.319939418114051,
      5.986584841970366
    ],
    "2": [
      1.5601864044243652,
      1.5599452033620265
    ],
    "3": [
      0.5808361216819946,
      8.661761457749352
    ],
    "4": [
      6.011150117432088,
      7.080725777960454
    ],
    "5": [
      0.20584494295802447,
      9.699098521619943
    ],
    "6": [
      8.324426408004218,
      2.1233911067827616
    ],
    "7": [
      1.8182496720710062,
      1.8340450985343382
    ],
    "8": [
      3.0424224295953772,
      5.247564316322379
    ],
    "9": [
      4.319450186421157,
      2.9122914019804194
    ]
  },
  "node_probs": {
    "0": 0.14134239239957283,
    "1": 0.048994287364825514,
    "2": 0.07883813489664462,
    "3": 0.0933478971803892,
    "4": 0.11088620220458675,
    "5": 0.1752277541929514,
    "6": 0.06075970585245148,
    "7": 0.12225758866701712,
    "8": 0.13754212093491666,
    "9": 0.030803916306644415
  },
  "optimal_dist": 3.094939289176983,
  "schema": "searchfcr.instance/v1",
  "seed": 42,
  "target": 0
}